<?xml version="1.0" encoding="UTF-8"?>
<GenRun Id="impl_1" LaunchPart="xc7a35ticsg324-1L" LaunchTime="1678805324">
  <File Type="BITSTR-BMM" Name="Top_level_bd.bmm"/>
  <File Type="OPT-METHODOLOGY-DRC" Name="Top_level_methodology_drc_opted.rpt"/>
  <File Type="INIT-TIMING" Name="Top_level_timing_summary_init.rpt"/>
  <File Type="ROUTE-PWR" Name="Top_level_power_routed.rpt"/>
  <File Type="PA-TCL" Name="Top_level.tcl"/>
  <File Type="OPT-TIMING" Name="Top_level_timing_summary_opted.rpt"/>
  <File Type="OPT-DCP" Name="Top_level_opt.dcp"/>
  <File Type="ROUTE-PWR-SUM" Name="Top_level_power_summary_routed.pb"/>
  <File Type="REPORTS-TCL" Name="Top_level_reports.tcl"/>
  <File Type="OPT-DRC" Name="Top_level_drc_opted.rpt"/>
  <File Type="OPT-HWDEF" Name="Top_level.hwdef"/>
  <File Type="PWROPT-DCP" Name="Top_level_pwropt.dcp"/>
  <File Type="PWROPT-DRC" Name="Top_level_drc_pwropted.rpt"/>
  <File Type="PWROPT-TIMING" Name="Top_level_timing_summary_pwropted.rpt"/>
  <File Type="PLACE-DCP" Name="Top_level_placed.dcp"/>
  <File Type="PLACE-IO" Name="Top_level_io_placed.rpt"/>
  <File Type="PLACE-CLK" Name="Top_level_clock_utilization_placed.rpt"/>
  <File Type="PLACE-UTIL" Name="Top_level_utilization_placed.rpt"/>
  <File Type="PLACE-UTIL-PB" Name="Top_level_utilization_placed.pb"/>
  <File Type="PLACE-CTRL" Name="Top_level_control_sets_placed.rpt"/>
  <File Type="PLACE-SIMILARITY" Name="Top_level_incremental_reuse_placed.rpt"/>
  <File Type="PLACE-PRE-SIMILARITY" Name="Top_level_incremental_reuse_pre_placed.rpt"/>
  <File Type="BG-BGN" Name="Top_level.bgn"/>
  <File Type="PLACE-TIMING" Name="Top_level_timing_summary_placed.rpt"/>
  <File Type="POSTPLACE-PWROPT-DCP" Name="Top_level_postplace_pwropt.dcp"/>
  <File Type="BG-BIN" Name="Top_level.bin"/>
  <File Type="POSTPLACE-PWROPT-TIMING" Name="Top_level_timing_summary_postplace_pwropted.rpt"/>
  <File Type="PHYSOPT-DCP" Name="Top_level_physopt.dcp"/>
  <File Type="PHYSOPT-DRC" Name="Top_level_drc_physopted.rpt"/>
  <File Type="BITSTR-MSK" Name="Top_level.msk"/>
  <File Type="PHYSOPT-TIMING" Name="Top_level_timing_summary_physopted.rpt"/>
  <File Type="ROUTE-ERROR-DCP" Name="Top_level_routed_error.dcp"/>
  <File Type="ROUTE-DCP" Name="Top_level_routed.dcp"/>
  <File Type="ROUTE-BLACKBOX-DCP" Name="Top_level_routed_bb.dcp"/>
  <File Type="ROUTE-DRC" Name="Top_level_drc_routed.rpt"/>
  <File Type="ROUTE-DRC-PB" Name="Top_level_drc_routed.pb"/>
  <File Type="BITSTR-LTX" Name="debug_nets.ltx"/>
  <File Type="BITSTR-LTX" Name="Top_level.ltx"/>
  <File Type="ROUTE-DRC-RPX" Name="Top_level_drc_routed.rpx"/>
  <File Type="BITSTR-MMI" Name="Top_level.mmi"/>
  <File Type="ROUTE-METHODOLOGY-DRC" Name="Top_level_methodology_drc_routed.rpt"/>
  <File Type="ROUTE-METHODOLOGY-DRC-RPX" Name="Top_level_methodology_drc_routed.rpx"/>
  <File Type="BITSTR-SYSDEF" Name="Top_level.sysdef"/>
  <File Type="ROUTE-METHODOLOGY-DRC-PB" Name="Top_level_methodology_drc_routed.pb"/>
  <File Type="ROUTE-PWR-RPX" Name="Top_level_power_routed.rpx"/>
  <File Type="ROUTE-STATUS" Name="Top_level_route_status.rpt"/>
  <File Type="ROUTE-STATUS-PB" Name="Top_level_route_status.pb"/>
  <File Type="ROUTE-TIMINGSUMMARY" Name="Top_level_timing_summary_routed.rpt"/>
  <File Type="ROUTE-TIMING-PB" Name="Top_level_timing_summary_routed.pb"/>
  <File Type="ROUTE-TIMING-RPX" Name="Top_level_timing_summary_routed.rpx"/>
  <File Type="ROUTE-SIMILARITY" Name="Top_level_incremental_reuse_routed.rpt"/>
  <File Type="ROUTE-CLK" Name="Top_level_clock_utilization_routed.rpt"/>
  <File Type="ROUTE-BUS-SKEW" Name="Top_level_bus_skew_routed.rpt"/>
  <File Type="ROUTE-BUS-SKEW-PB" Name="Top_level_bus_skew_routed.pb"/>
  <File Type="ROUTE-BUS-SKEW-RPX" Name="Top_level_bus_skew_routed.rpx"/>
  <File Type="POSTROUTE-PHYSOPT-DCP" Name="Top_level_postroute_physopt.dcp"/>
  <File Type="POSTROUTE-PHYSOPT-BLACKBOX-DCP" Name="Top_level_postroute_physopt_bb.dcp"/>
  <File Type="POSTROUTE-PHYSOPT-TIMING" Name="Top_level_timing_summary_postroute_physopted.rpt"/>
  <File Type="POSTROUTE-PHYSOPT-TIMING-PB" Name="Top_level_timing_summary_postroute_physopted.pb"/>
  <File Type="POSTROUTE-PHYSOPT-TIMING-RPX" Name="Top_level_timing_summary_postroute_physopted.rpx"/>
  <File Type="POSTROUTE-PHYSOPT-BUS-SKEW" Name="Top_level_bus_skew_postroute_physopted.rpt"/>
  <File Type="POSTROUTE-PHYSOPT-BUS-SKEW-PB" Name="Top_level_bus_skew_postroute_physopted.pb"/>
  <File Type="BG-BIT" Name="Top_level.bit"/>
  <File Type="POSTROUTE-PHYSOPT-BUS-SKEW-RPX" Name="Top_level_bus_skew_postroute_physopted.rpx"/>
  <File Type="BITSTR-RBT" Name="Top_level.rbt"/>
  <File Type="BITSTR-NKY" Name="Top_level.nky"/>
  <File Type="BG-DRC" Name="Top_level.drc"/>
  <File Type="RDI-RDI" Name="Top_level.vdi"/>
  <File Type="WBT-USG" Name="usage_statistics_webtalk.html"/>
  <FileSet Name="sources" Type="DesignSrcs" RelSrcDir="$PSRCDIR/sources_1">
    <Filter Type="Srcs"/>
    <File Path="$PSRCDIR/sources_1/imports/picoblaze_spi_leds02/modulo_spi.vhd">
      <FileInfo>
        <Attr Name="ImportPath" Val="$PPRDIR/../../Modulo 5/picoblaze_spi_leds02/picoblaze_spi_leds02/modulo_spi.vhd"/>
        <Attr Name="ImportTime" Val="1678472025"/>
        <Attr Name="UsedIn" Val="synthesis"/>
        <Attr Name="UsedIn" Val="simulation"/>
      </FileInfo>
    </File>
    <File Path="$PSRCDIR/sources_1/imports/picoblaze_spi_leds02/embedded_kcpsm6.vhd">
      <FileInfo>
        <Attr Name="ImportPath" Val="$PPRDIR/../../Modulo 5/picoblaze_spi_leds02/picoblaze_spi_leds02/embedded_kcpsm6.vhd"/>
        <Attr Name="ImportTime" Val="1678732476"/>
        <Attr Name="UsedIn" Val="synthesis"/>
        <Attr Name="UsedIn" Val="simulation"/>
      </FileInfo>
    </File>
    <File Path="$PSRCDIR/sources_1/imports/picoblaze_spi_leds02/puerto_salida_leds.vhd">
      <FileInfo>
        <Attr Name="ImportPath" Val="$PPRDIR/../../Modulo 5/picoblaze_spi_leds02/picoblaze_spi_leds02/puerto_salida_leds.vhd"/>
        <Attr Name="ImportTime" Val="1678472024"/>
        <Attr Name="UsedIn" Val="synthesis"/>
        <Attr Name="UsedIn" Val="simulation"/>
      </FileInfo>
    </File>
    <File Path="$PSRCDIR/sources_1/imports/picoblaze_spi_leds02/registro_puerto_entrada.vhd">
      <FileInfo>
        <Attr Name="ImportPath" Val="$PPRDIR/../../Modulo 5/picoblaze_spi_leds02/picoblaze_spi_leds02/registro_puerto_entrada.vhd"/>
        <Attr Name="ImportTime" Val="1678472024"/>
        <Attr Name="UsedIn" Val="synthesis"/>
        <Attr Name="UsedIn" Val="simulation"/>
      </FileInfo>
    </File>
    <File Path="$PSRCDIR/sources_1/imports/picoblaze_uart/modulo_uart.vhd">
      <FileInfo>
        <Attr Name="ImportPath" Val="$PPRDIR/../../Modulo 5/picoblaze_uart/modulo_uart.vhd"/>
        <Attr Name="ImportTime" Val="1678454548"/>
        <Attr Name="UsedIn" Val="synthesis"/>
        <Attr Name="UsedIn" Val="simulation"/>
      </FileInfo>
    </File>
    <File Path="$PSRCDIR/sources_1/imports/picoblaze_uart/baud_rate_clock.vhd">
      <FileInfo>
        <Attr Name="ImportPath" Val="$PPRDIR/../../Modulo 5/picoblaze_uart/baud_rate_clock.vhd"/>
        <Attr Name="ImportTime" Val="1678454548"/>
        <Attr Name="UsedIn" Val="synthesis"/>
        <Attr Name="UsedIn" Val="simulation"/>
      </FileInfo>
    </File>
    <File Path="$PSRCDIR/sources_1/imports/picoblaze_spi_leds02/kcpsm6.vhd">
      <FileInfo>
        <Attr Name="ImportPath" Val="$PPRDIR/../../Modulo 5/picoblaze_spi_leds02/picoblaze_spi_leds02/kcpsm6.vhd"/>
        <Attr Name="ImportTime" Val="1678472024"/>
        <Attr Name="UsedIn" Val="synthesis"/>
        <Attr Name="UsedIn" Val="simulation"/>
      </FileInfo>
    </File>
    <File Path="$PSRCDIR/sources_1/imports/picoblaze_spi_leds02/pmod_accelerometer_adxl345.vhd">
      <FileInfo>
        <Attr Name="ImportPath" Val="$PPRDIR/../../Modulo 5/picoblaze_spi_leds02/picoblaze_spi_leds02/pmod_accelerometer_adxl345.vhd"/>
        <Attr Name="ImportTime" Val="1678472024"/>
        <Attr Name="UsedIn" Val="synthesis"/>
        <Attr Name="UsedIn" Val="simulation"/>
      </FileInfo>
    </File>
    <File Path="$PSRCDIR/sources_1/imports/picoblaze_spi_leds02/spi_master.vhd">
      <FileInfo>
        <Attr Name="ImportPath" Val="$PPRDIR/../../Modulo 5/picoblaze_spi_leds02/picoblaze_spi_leds02/spi_master.vhd"/>
        <Attr Name="ImportTime" Val="1678472025"/>
        <Attr Name="UsedIn" Val="synthesis"/>
        <Attr Name="UsedIn" Val="simulation"/>
      </FileInfo>
    </File>
    <File Path="$PSRCDIR/sources_1/imports/picoblaze_uart/uart_rx6.vhd">
      <FileInfo>
        <Attr Name="ImportPath" Val="$PPRDIR/../../Modulo 5/picoblaze_uart/uart_rx6.vhd"/>
        <Attr Name="ImportTime" Val="1678454548"/>
        <Attr Name="UsedIn" Val="synthesis"/>
        <Attr Name="UsedIn" Val="simulation"/>
      </FileInfo>
    </File>
    <File Path="$PSRCDIR/sources_1/imports/picoblaze_uart/uart_tx6.vhd">
      <FileInfo>
        <Attr Name="ImportPath" Val="$PPRDIR/../../Modulo 5/picoblaze_uart/uart_tx6.vhd"/>
        <Attr Name="ImportTime" Val="1678454548"/>
        <Attr Name="UsedIn" Val="synthesis"/>
        <Attr Name="UsedIn" Val="simulation"/>
      </FileInfo>
    </File>
    <File Path="$PPRDIR/kpcsm6/your_program.vhd">
      <FileInfo>
        <Attr Name="UsedIn" Val="synthesis"/>
        <Attr Name="UsedIn" Val="simulation"/>
      </FileInfo>
    </File>
    <File Path="$PSRCDIR/sources_1/imports/picoblaze_spi_leds02/Top_level.vhd">
      <FileInfo>
        <Attr Name="ImportPath" Val="$PPRDIR/../../Modulo 5/picoblaze_spi_leds02/picoblaze_spi_leds02/Top_level.vhd"/>
        <Attr Name="ImportTime" Val="1678732551"/>
        <Attr Name="UsedIn" Val="synthesis"/>
        <Attr Name="UsedIn" Val="simulation"/>
      </FileInfo>
    </File>
    <Config>
      <Option Name="DesignMode" Val="RTL"/>
      <Option Name="TopModule" Val="Top_level"/>
      <Option Name="TopAutoSet" Val="TRUE"/>
    </Config>
  </FileSet>
  <FileSet Name="constrs_in" Type="Constrs" RelSrcDir="$PSRCDIR/constrs_1">
    <Filter Type="Constrs"/>
    <File Path="$PSRCDIR/constrs_1/new/ports.xdc">
      <FileInfo>
        <Attr Name="UsedIn" Val="synthesis"/>
        <Attr Name="UsedIn" Val="implementation"/>
      </FileInfo>
    </File>
    <Config>
      <Option Name="TargetConstrsFile" Val="$PSRCDIR/constrs_1/new/ports.xdc"/>
      <Option Name="ConstrsType" Val="XDC"/>
    </Config>
  </FileSet>
  <FileSet Name="utils" Type="Utils" RelSrcDir="$PSRCDIR/utils_1">
    <Filter Type="Utils"/>
    <Config>
      <Option Name="TopAutoSet" Val="TRUE"/>
    </Config>
  </FileSet>
  <Strategy Version="1" Minor="2">
    <StratHandle Name="Vivado Implementation Defaults" Flow="Vivado Implementation 2019"/>
    <Step Id="init_design"/>
    <Step Id="opt_design"/>
    <Step Id="power_opt_design"/>
    <Step Id="place_design"/>
    <Step Id="post_place_power_opt_design"/>
    <Step Id="phys_opt_design"/>
    <Step Id="route_design"/>
    <Step Id="post_route_phys_opt_design"/>
    <Step Id="write_bitstream"/>
  </Strategy>
</GenRun>
