<?xml version="1.0" encoding="UTF-8"?>
<GenRun Id="synth_1" LaunchPart="xc7a35ticsg324-1L" LaunchTime="1678805323">
  <File Type="PA-TCL" Name="Top_level.tcl"/>
  <File Type="RDS-PROPCONSTRS" Name="Top_level_drc_synth.rpt"/>
  <File Type="REPORTS-TCL" Name="Top_level_reports.tcl"/>
  <File Type="RDS-RDS" Name="Top_level.vds"/>
  <File Type="RDS-UTIL" Name="Top_level_utilization_synth.rpt"/>
  <File Type="RDS-UTIL-PB" Name="Top_level_utilization_synth.pb"/>
  <File Type="RDS-DCP" Name="Top_level.dcp"/>
  <File Type="VDS-TIMINGSUMMARY" Name="Top_level_timing_summary_synth.rpt"/>
  <File Type="VDS-TIMING-PB" Name="Top_level_timing_summary_synth.pb"/>
  <FileSet Name="sources" Type="DesignSrcs" RelSrcDir="$PSRCDIR/sources_1">
    <Filter Type="Srcs"/>
    <File Path="$PSRCDIR/sources_1/imports/picoblaze_spi_leds02/modulo_spi.vhd">
      <FileInfo>
        <Attr Name="ImportPath" Val="$PPRDIR/../../Modulo 5/picoblaze_spi_leds02/picoblaze_spi_leds02/modulo_spi.vhd"/>
        <Attr Name="ImportTime" Val="1678472025"/>
        <Attr Name="UsedIn" Val="synthesis"/>
        <Attr Name="UsedIn" Val="simulation"/>
      </FileInfo>
    </File>
    <File Path="$PSRCDIR/sources_1/imports/picoblaze_spi_leds02/embedded_kcpsm6.vhd">
      <FileInfo>
        <Attr Name="ImportPath" Val="$PPRDIR/../../Modulo 5/picoblaze_spi_leds02/picoblaze_spi_leds02/embedded_kcpsm6.vhd"/>
        <Attr Name="ImportTime" Val="1678732476"/>
        <Attr Name="UsedIn" Val="synthesis"/>
        <Attr Name="UsedIn" Val="simulation"/>
      </FileInfo>
    </File>
    <File Path="$PSRCDIR/sources_1/imports/picoblaze_spi_leds02/puerto_salida_leds.vhd">
      <FileInfo>
        <Attr Name="ImportPath" Val="$PPRDIR/../../Modulo 5/picoblaze_spi_leds02/picoblaze_spi_leds02/puerto_salida_leds.vhd"/>
        <Attr Name="ImportTime" Val="1678472024"/>
        <Attr Name="UsedIn" Val="synthesis"/>
        <Attr Name="UsedIn" Val="simulation"/>
      </FileInfo>
    </File>
    <File Path="$PSRCDIR/sources_1/imports/picoblaze_spi_leds02/registro_puerto_entrada.vhd">
      <FileInfo>
        <Attr Name="ImportPath" Val="$PPRDIR/../../Modulo 5/picoblaze_spi_leds02/picoblaze_spi_leds02/registro_puerto_entrada.vhd"/>
        <Attr Name="ImportTime" Val="1678472024"/>
        <Attr Name="UsedIn" Val="synthesis"/>
        <Attr Name="UsedIn" Val="simulation"/>
      </FileInfo>
    </File>
    <File Path="$PSRCDIR/sources_1/imports/picoblaze_uart/modulo_uart.vhd">
      <FileInfo>
        <Attr Name="ImportPath" Val="$PPRDIR/../../Modulo 5/picoblaze_uart/modulo_uart.vhd"/>
        <Attr Name="ImportTime" Val="1678454548"/>
        <Attr Name="UsedIn" Val="synthesis"/>
        <Attr Name="UsedIn" Val="simulation"/>
      </FileInfo>
    </File>
    <File Path="$PSRCDIR/sources_1/imports/picoblaze_uart/baud_rate_clock.vhd">
      <FileInfo>
        <Attr Name="ImportPath" Val="$PPRDIR/../../Modulo 5/picoblaze_uart/baud_rate_clock.vhd"/>
        <Attr Name="ImportTime" Val="1678454548"/>
        <Attr Name="UsedIn" Val="synthesis"/>
        <Attr Name="UsedIn" Val="simulation"/>
      </FileInfo>
    </File>
    <File Path="$PSRCDIR/sources_1/imports/picoblaze_spi_leds02/kcpsm6.vhd">
      <FileInfo>
        <Attr Name="ImportPath" Val="$PPRDIR/../../Modulo 5/picoblaze_spi_leds02/picoblaze_spi_leds02/kcpsm6.vhd"/>
        <Attr Name="ImportTime" Val="1678472024"/>
        <Attr Name="UsedIn" Val="synthesis"/>
        <Attr Name="UsedIn" Val="simulation"/>
      </FileInfo>
    </File>
    <File Path="$PSRCDIR/sources_1/imports/picoblaze_spi_leds02/pmod_accelerometer_adxl345.vhd">
      <FileInfo>
        <Attr Name="ImportPath" Val="$PPRDIR/../../Modulo 5/picoblaze_spi_leds02/picoblaze_spi_leds02/pmod_accelerometer_adxl345.vhd"/>
        <Attr Name="ImportTime" Val="1678472024"/>
        <Attr Name="UsedIn" Val="synthesis"/>
        <Attr Name="UsedIn" Val="simulation"/>
      </FileInfo>
    </File>
    <File Path="$PSRCDIR/sources_1/imports/picoblaze_spi_leds02/spi_master.vhd">
      <FileInfo>
        <Attr Name="ImportPath" Val="$PPRDIR/../../Modulo 5/picoblaze_spi_leds02/picoblaze_spi_leds02/spi_master.vhd"/>
        <Attr Name="ImportTime" Val="1678472025"/>
        <Attr Name="UsedIn" Val="synthesis"/>
        <Attr Name="UsedIn" Val="simulation"/>
      </FileInfo>
    </File>
    <File Path="$PSRCDIR/sources_1/imports/picoblaze_uart/uart_rx6.vhd">
      <FileInfo>
        <Attr Name="ImportPath" Val="$PPRDIR/../../Modulo 5/picoblaze_uart/uart_rx6.vhd"/>
        <Attr Name="ImportTime" Val="1678454548"/>
        <Attr Name="UsedIn" Val="synthesis"/>
        <Attr Name="UsedIn" Val="simulation"/>
      </FileInfo>
    </File>
    <File Path="$PSRCDIR/sources_1/imports/picoblaze_uart/uart_tx6.vhd">
      <FileInfo>
        <Attr Name="ImportPath" Val="$PPRDIR/../../Modulo 5/picoblaze_uart/uart_tx6.vhd"/>
        <Attr Name="ImportTime" Val="1678454548"/>
        <Attr Name="UsedIn" Val="synthesis"/>
        <Attr Name="UsedIn" Val="simulation"/>
      </FileInfo>
    </File>
    <File Path="$PPRDIR/kpcsm6/your_program.vhd">
      <FileInfo>
        <Attr Name="UsedIn" Val="synthesis"/>
        <Attr Name="UsedIn" Val="simulation"/>
      </FileInfo>
    </File>
    <File Path="$PSRCDIR/sources_1/imports/picoblaze_spi_leds02/Top_level.vhd">
      <FileInfo>
        <Attr Name="ImportPath" Val="$PPRDIR/../../Modulo 5/picoblaze_spi_leds02/picoblaze_spi_leds02/Top_level.vhd"/>
        <Attr Name="ImportTime" Val="1678732551"/>
        <Attr Name="UsedIn" Val="synthesis"/>
        <Attr Name="UsedIn" Val="simulation"/>
      </FileInfo>
    </File>
    <Config>
      <Option Name="DesignMode" Val="RTL"/>
      <Option Name="TopModule" Val="Top_level"/>
      <Option Name="TopAutoSet" Val="TRUE"/>
    </Config>
  </FileSet>
  <FileSet Name="constrs_in" Type="Constrs" RelSrcDir="$PSRCDIR/constrs_1">
    <Filter Type="Constrs"/>
    <File Path="$PSRCDIR/constrs_1/new/ports.xdc">
      <FileInfo>
        <Attr Name="UsedIn" Val="synthesis"/>
        <Attr Name="UsedIn" Val="implementation"/>
      </FileInfo>
    </File>
    <Config>
      <Option Name="TargetConstrsFile" Val="$PSRCDIR/constrs_1/new/ports.xdc"/>
      <Option Name="ConstrsType" Val="XDC"/>
    </Config>
  </FileSet>
  <FileSet Name="utils" Type="Utils" RelSrcDir="$PSRCDIR/utils_1">
    <Filter Type="Utils"/>
    <Config>
      <Option Name="TopAutoSet" Val="TRUE"/>
    </Config>
  </FileSet>
  <Strategy Version="1" Minor="2">
    <StratHandle Name="Vivado Synthesis Defaults" Flow="Vivado Synthesis 2019"/>
    <Step Id="synth_design"/>
  </Strategy>
</GenRun>
